id,date,month,account,source,description,merchant,recipient,category,business,amount,currency
2f1a5087fa04aeef,2025-12-21,2025-12,Mastercard ****2688,rbc_pdf,PAYBYPHONE BURNABY VANCOUVER BC,PAYBYPHONE BURNABY VANCOUVER BC,,Transport,false,-4.68,CAD
9fc750f6c361f285,2025-12-22,2025-12,Mastercard ****2688,rbc_pdf,TOMMY GUNS (STATION SQ BURNABY BC,TOMMY GUNS STATION SQ BURNABY BC,,Health,false,-45.85,CAD
d9f3262302adc654,2025-12-23,2025-12,Mastercard ****2688,rbc_pdf,UNIQLO CANADA POS_CA_M BURNABY BC,UNIQLO CANADA POS CA M BURNABY BC,,Shopping,false,-55.89,CAD
d2a195aaba6a7cc2,2025-12-24,2025-12,Chequing ****5037,rbc_pdf,Payroll Deposit CACTUSCLUBCAFEB,PAYROLL DEPOSIT CACTUSCLUBCAFEB,,Income,false,1222.51,CAD
28286b18be3abe7c,2025-12-24,2025-12,Mastercard ****2688,rbc_pdf,APPLE STORE #R421 RICHMOND BC,APPLE STORE R421 RICHMOND BC,,Shopping,false,-189.28,CAD
68dfe1f28a2a2784,2025-12-24,2025-12,Mastercard ****2688,rbc_pdf,BIG WAY HOT POT ACKROY RICHMOND BC,BIG WAY HOT POT ACKROY RICHMOND BC,,Dining & Takeout,false,-34.61,CAD
0fe1e66e581f1bff,2025-12-24,2025-12,Mastercard ****2688,rbc_pdf,COSTCO WHOLESALE W548 BURNABY BC,COSTCO WHOLESALE W548 BURNABY BC,,Groceries,false,-223.99,CAD
6ee72fae0b98dfa6,2025-12-26,2025-12,Mastercard ****2688,rbc_pdf,PNE FOOD & BEVERAGE VANCOUVER BC,PNE FOOD & BEVERAGE VANCOUVER BC,,Dining & Takeout,false,-4.99,CAD
0e31c793122694ea,2025-12-26,2025-12,Mastercard ****2688,rbc_pdf,SHELL C01014 BURNABY BC,SHELL C01014 BURNABY BC,,Transport,false,-54.74,CAD
65b4f380a739d949,2025-12-27,2025-12,Mastercard ****2688,rbc_pdf,UBER CANADA/UBERTRIP TORONTO ON,UBER CANADA UBERTRIP TORONTO ON,,Transport,false,-15.54,CAD
5696285657103d7c,2025-12-28,2025-12,Mastercard ****2688,rbc_pdf,OEB YALETOWN VANCOUVER BC,OEB YALETOWN VANCOUVER BC,,Dining & Takeout,false,-76.81,CAD
4dfb9649cb75f6b9,2025-12-29,2025-12,Chequing ****5037,rbc_pdf,Misc Payment GOODLIFE CLUBS,MISC PAYMENT GOODLIFE CLUBS,,Health,false,-37.79,CAD
e0ffeded91e2c412,2025-12-29,2025-12,Chequing ****5037,rbc_pdf,Online Banking payment - 2795 ROGERS BANK,ONLINE BANKING PAYMENT 2795 ROGERS BANK,,Rogers Card,false,-569.09,CAD
f5951bfd30aacdb9,2025-12-29,2025-12,Chequing ****5037,rbc_pdf,Online Banking payment - 7228 ROGERS BANK,ONLINE BANKING PAYMENT 7228 ROGERS BANK,,Rogers Card,false,-94.97,CAD
b7f8dc71795c0680,2025-12-29,2025-12,Mastercard ****2688,rbc_pdf,IMPARK00661603U RICHMOND BC,IMPARK00661603U RICHMOND BC,,Transport,false,-6.25,CAD
b8e9ca935b8a8172,2025-12-29,2025-12,Mastercard ****2688,rbc_pdf,POPEYE'S SUPPLEMENTS B BURNABY BC,POPEYE'S SUPPLEMENTS B BURNABY BC,,Health,false,-50.34,CAD
0e68851e2dfb60c2,2025-12-31,2025-12,Chequing ****5037,rbc_pdf,Online Banking payment - 0367 VISA TD BANK,ONLINE BANKING PAYMENT 0367 VISA TD BANK,,Debt Payments,false,-35.00,CAD
f371bbc36d58ecba,2026-01-04,2026-01,Mastercard ****2688,rbc_pdf,A & W # 0580 NEW WEST NEW WESTMINSTBC,A & W 0580 NEW WEST NEW WESTMINSTBC,,Dining & Takeout,false,-28.72,CAD
56dff3c324febd9c,2026-01-04,2026-01,Mastercard ****2688,rbc_pdf,CASH BACK REWARD,CASH BACK REWARD,,Income,false,199.13,CAD
0ba4cb0fe8c69050,2026-01-04,2026-01,Mastercard ****2688,rbc_pdf,PHNOM PENH RESTAURANT VANCOUVER BC,PHNOM PENH RESTAURANT VANCOUVER BC,,Dining & Takeout,false,-81.42,CAD
681549bb0652dfc2,2026-01-05,2026-01,Chequing ****5037,rbc_pdf,GST CANADA,GST CANADA,,Income,false,133.25,CAD
de8ad6402bcd04f5,2026-01-05,2026-01,Mastercard ****2688,rbc_pdf,SPOTIFY P3E20D44E6 STOCKHOLM SWE,SPOTIFY P3E20D44E6 STOCKHOLM SWE,,Subscriptions,false,-20.04,CAD
a2a653ab161a7b9a,2026-01-06,2026-01,Mastercard ****2688,rbc_pdf,88 SUPERMARKET KILLARN VANCOUVER BC,88 SUPERMARKET KILLARN VANCOUVER BC,,Groceries,false,-11.82,CAD
b2b3be9a06c2011b,2026-01-07,2026-01,Mastercard ****2688,rbc_pdf,APPLE.COM/BILL TORONTO ON,APPLE COM BILL TORONTO ON,,Subscriptions,false,-11.19,CAD
369539dd6ab622ce,2026-01-07,2026-01,Mastercard ****2688,rbc_pdf,IMPARK00011928U VANCOUVER BC,IMPARK00011928U VANCOUVER BC,,Transport,false,-5.50,CAD
fb2867d60057d1ff,2026-01-07,2026-01,Mastercard ****2688,rbc_pdf,SQ *LUIGI & SONS BUTCH VANCOUVER BC,SQ LUIGI & SONS BUTCH VANCOUVER BC,,Groceries,false,-21.31,CAD
7c3b7307b2f494a7,2026-01-07,2026-01,Mastercard ****2688,rbc_pdf,WHOLE FOODS MARKET VANCOUVER BC,WHOLE FOODS MARKET VANCOUVER BC,,Groceries,false,-152.10,CAD
83920e26277f5934,2026-01-09,2026-01,Chequing ****5037,rbc_pdf,Payroll Deposit CACTUSCLUBCAFEB,PAYROLL DEPOSIT CACTUSCLUBCAFEB,,Income,false,1330.43,CAD
47f24ebdc1f83011,2026-01-09,2026-01,Mastercard ****2688,rbc_pdf,SHELL C01107 VANCOUVER BC,SHELL C01107 VANCOUVER BC,,Transport,false,-58.22,CAD
866df7eace57ef72,2026-01-11,2026-01,Mastercard ****2688,rbc_pdf,SP TSM - 01 LONDON LND,SP TSM 01 LONDON LND,,Shopping,false,-111.00,CAD
4c32ba7a07b7d9d3,2026-01-12,2026-01,Chequing ****5037,rbc_pdf,Canada Workers Benefit CANADA,CANADA WORKERS BENEFIT CANADA,,Income,false,182.30,CAD
b3fcb04db7f3b7a7,2026-01-12,2026-01,Chequing ****5037,rbc_pdf,e-Transfer sent Yanni Felix KCCBG2,E TRANSFER SENT YANNI FELIX KCCBG2,YANNI FELIX,Family/Gifts,false,-144.00,CAD
9b84c0641e71cc44,2026-01-12,2026-01,Chequing ****5037,rbc_pdf,Misc Payment GOODLIFE CLUBS,MISC PAYMENT GOODLIFE CLUBS,,Health,false,-37.79,CAD
e53dd64b4aa8b0d4,2026-01-12,2026-01,Chequing ****5037,rbc_pdf,Online Banking payment - 3309 ROGERS BANK,ONLINE BANKING PAYMENT 3309 ROGERS BANK,,Rogers Card,false,-652.12,CAD
9739ec61a118afc2,2026-01-12,2026-01,Mastercard ****2688,rbc_pdf,SP HEART AND SOIL HOUSTON TX Foreign Currency  - USD   103.21  Exchange rate - 1.425443,SP HEART AND SOIL HOUSTON TX,,Shopping,false,-147.12,CAD
343ae379b1fed5c3,2026-01-16,2026-01,Chequing ****5037,rbc_pdf,Monthly fee,MONTHLY FEE,,Bank Fees,false,-4.00,CAD
c51239f0083b1aba,2026-01-16,2026-01,Mastercard ****2688,rbc_pdf,BIG BANG SUSHI VANCOUVER BC,BIG BANG SUSHI VANCOUVER BC,,Dining & Takeout,false,-270.00,CAD
9ae52dc1100b48fb,2026-01-16,2026-01,Mastercard ****2688,rbc_pdf,CACTUS CLUB BENTALL VANCOUVER BC,CACTUS CLUB BENTALL VANCOUVER BC,,Dining & Takeout,false,-34.13,CAD
c0d5ebabfd96ca97,2026-01-18,2026-01,Mastercard ****2688,rbc_pdf,VAN AQUA-UPSTREAM CAFE VANCOUVER BC,VAN AQUA UPSTREAM CAFE VANCOUVER BC,,Dining & Takeout,false,-14.70,CAD
1b4834b1e0d8556b,2026-01-19,2026-01,Chequing ****5037,rbc_pdf,e-Transfer sent Athena Lau 6RS9PG,E TRANSFER SENT ATHENA LAU 6RS9PG,ATHENA LAU,Family/Gifts,false,-100.00,CAD
03461f21738692e5,2026-01-19,2026-01,Mastercard ****2688,rbc_pdf,MICROSOFT*PC GAME PASS MISSISSAUGA ON,MICROSOFT PC GAME PASS MISSISSAUGA ON,,Subscriptions,false,-22.39,CAD
116e95014c12e558,2026-01-23,2026-01,Chequing ****5037,rbc_pdf,e-Transfer sent Mikel Felix X9BYXB,E TRANSFER SENT MIKEL FELIX X9BYXB,MIKEL FELIX,Family/Gifts,false,-322.30,CAD
2a7f0526f05c78f8,2026-01-23,2026-01,Chequing ****5037,rbc_pdf,Payroll Deposit CACTUSCLUBCAFEB,PAYROLL DEPOSIT CACTUSCLUBCAFEB,,Income,false,1117.24,CAD
ecd398f5918c1d3c,2026-01-23,2026-01,Mastercard ****2688,rbc_pdf,APPLE.COM/BILL TORONTO ON,APPLE COM BILL TORONTO ON,,Subscriptions,false,-27.99,CAD
ea980b986dbe7927,2026-01-23,2026-01,Mastercard ****2688,rbc_pdf,KING TAPS LONSDALE NORTH VANCOUVBC,KING TAPS LONSDALE NORTH VANCOUVBC,,Dining & Takeout,false,-94.53,CAD
a6581df7911993bf,2026-01-23,2026-01,Mastercard ****2688,rbc_pdf,MICROSOFT*PC GAME PASS MISSISSAUGA ON,MICROSOFT PC GAME PASS MISSISSAUGA ON,,Subscriptions,false,19.50,CAD
66b528920fb0670e,2026-01-25,2026-01,Mastercard ****2688,rbc_pdf,PRICESMART FOODS #2281 BURNABY BC,PRICESMART FOODS 2281 BURNABY BC,,Groceries,false,-26.35,CAD
5b758375c81d3f83,2026-01-25,2026-01,Mastercard ****2688,rbc_pdf,SQ *EARNEST ICE CREAM VANCOUVER BC,SQ EARNEST ICE CREAM VANCOUVER BC,,Dining & Takeout,false,-38.46,CAD
6fb8e7060b9c639c,2026-01-26,2026-01,Chequing ****5037,rbc_pdf,Misc Payment GOODLIFE CLUBS,MISC PAYMENT GOODLIFE CLUBS,,Health,false,-37.79,CAD
6b40ce75b355982f,2026-01-26,2026-01,Mastercard ****2688,rbc_pdf,SP HARRISON GREY VILA NOVA DE PT- Foreign Currency  - USD   39.99  Exchange rate - 1.406601,SP HARRISON GREY VILA NOVA DE PT,,Shopping,false,-56.25,CAD
5646fc3e7b5c37c8,2026-01-27,2026-01,Mastercard ****2688,rbc_pdf,SHELL C01107 VANCOUVER BC,SHELL C01107 VANCOUVER BC,,Transport,false,-58.30,CAD
4f993cbe9738eaa2,2026-01-27,2026-01,Mastercard ****2688,rbc_pdf,SP SUPERIOR MANE WILMINGTON DE,SP SUPERIOR MANE WILMINGTON DE,,Shopping,false,-68.50,CAD
a4a3e12bc7464b75,2026-01-27,2026-01,Mastercard ****2688,rbc_pdf,TOMMY GUNS (STATION SQ BURNABY BC,TOMMY GUNS STATION SQ BURNABY BC,,Health,false,-45.85,CAD
cc53b921b128c601,2026-01-28,2026-01,Mastercard ****2688,rbc_pdf,88 SUPERMARKET KILLARN VANCOUVER BC,88 SUPERMARKET KILLARN VANCOUVER BC,,Groceries,false,-14.72,CAD
d71da464ca21177d,2026-01-30,2026-01,Mastercard ****2688,rbc_pdf,RCH-DHL-CUSTOMS CALGARY AB,RCH DHL CUSTOMS CALGARY AB,,Shopping,false,-19.10,CAD
2a926bb8409a20f7,2026-01-31,2026-01,Mastercard ****2688,rbc_pdf,BIG WAY HOT POT GILMOR BURNABY BC,BIG WAY HOT POT GILMOR BURNABY BC,,Dining & Takeout,false,-51.07,CAD
107e208ceba5c783,2026-02-01,2026-02,Mastercard ****2688,rbc_pdf,88 SUPERMARKET KILLARN VANCOUVER BC,88 SUPERMARKET KILLARN VANCOUVER BC,,Groceries,false,-82.07,CAD
ef2cf4eedce86822,2026-02-01,2026-02,Mastercard ****2688,rbc_pdf,UBER CANADA/UBEREATS TORONTO ON,UBER CANADA UBEREATS TORONTO ON,,Dining & Takeout,false,-39.30,CAD
fd85cd407715ac8b,2026-02-02,2026-02,Chequing ****5037,rbc_pdf,e-Transfer sent Anthony Le JGWXV7,E TRANSFER SENT ANTHONY LE JGWXV7,ANTHONY LE,Family/Gifts,false,-35.00,CAD
2e693d0783bef14e,2026-02-02,2026-02,Chequing ****5037,rbc_pdf,e-Transfer sent Athena Lau RCS4KJ,E TRANSFER SENT ATHENA LAU RCS4KJ,ATHENA LAU,Family/Gifts,false,-140.00,CAD
71f04d3e8a5b03a2,2026-02-02,2026-02,Chequing ****5037,rbc_pdf,Online Banking payment - 4623 VISA TD BANK,ONLINE BANKING PAYMENT 4623 VISA TD BANK,,Debt Payments,false,-35.00,CAD
348b7d48a5266cf1,2026-02-02,2026-02,Mastercard ****2688,rbc_pdf,HOLT RENFREW VANCOUVER VANCOUVER BC,HOLT RENFREW VANCOUVER VANCOUVER BC,,Shopping,false,-143.36,CAD
66483ea7c4e8aa00,2026-02-03,2026-02,Mastercard ****2688,rbc_pdf,SP HEART AND SOIL HOUSTON TX Foreign Currency  - USD   103.21  Exchange rate - 1.370506,SP HEART AND SOIL HOUSTON TX,,Shopping,false,141.45,CAD
4796a2b711b0c90e,2026-02-04,2026-02,Mastercard ****2688,rbc_pdf,DAISO METROTOWN BURNABY BC,DAISO METROTOWN BURNABY BC,,Shopping,false,-4.76,CAD
a874507aa8db1126,2026-02-04,2026-02,Mastercard ****2688,rbc_pdf,DOLLAR DAZE BURNABY BC,DOLLAR DAZE BURNABY BC,,Shopping,false,-1.40,CAD
0b148a19cfb72976,2026-02-04,2026-02,Mastercard ****2688,rbc_pdf,SHOP MAKERS VANCOUVER BC,SHOP MAKERS VANCOUVER BC,,Shopping,false,-115.26,CAD
f6421b0a3ad0c214,2026-02-05,2026-02,Mastercard ****2688,rbc_pdf,CAPILANO SUS BR GATE NORTH VANCOUVBC,CAPILANO SUS BR GATE NORTH VANCOUVBC,,Entertainment,false,-163.80,CAD
b1f27530b276eaf7,2026-02-05,2026-02,Mastercard ****2688,rbc_pdf,HORIN RAMEN METROTOWN BURNABY BC,HORIN RAMEN METROTOWN BURNABY BC,,Dining & Takeout,false,-40.81,CAD
724e359dcebab1d3,2026-02-05,2026-02,Mastercard ****2688,rbc_pdf,SPOTIFY P3F128D48A STOCKHOLM SWE,SPOTIFY P3F128D48A STOCKHOLM SWE,,Subscriptions,false,-20.04,CAD
5ce15cfe517b46d5,2026-02-06,2026-02,Chequing ****5037,rbc_pdf,Payroll Deposit CACTUSCLUBCAFEB,PAYROLL DEPOSIT CACTUSCLUBCAFEB,,Income,false,1292.62,CAD
0e45acb929d7a0cf,2026-02-06,2026-02,Mastercard ****2688,rbc_pdf,TST-DIN TAI FUNG - VAN VANCOUVER BC,TST DIN TAI FUNG VAN VANCOUVER BC,,Dining & Takeout,false,-84.66,CAD
320d9865ba5441fb,2026-02-07,2026-02,Mastercard ****2688,rbc_pdf,88 SUPERMARKET KILLARN VANCOUVER BC,88 SUPERMARKET KILLARN VANCOUVER BC,,Groceries,false,-30.90,CAD
f3556c22a96d2f48,2026-02-07,2026-02,Mastercard ****2688,rbc_pdf,PETRO-CANADA 92523 VANCOUVER BC,PETRO CANADA 92523 VANCOUVER BC,,Transport,false,-3.03,CAD
d3941c308e1defe1,2026-02-07,2026-02,Mastercard ****2688,rbc_pdf,PNE FOOD & BEVERAGE VANCOUVER BC,PNE FOOD & BEVERAGE VANCOUVER BC,,Dining & Takeout,false,-9.98,CAD
4abc64b913455811,2026-02-09,2026-02,Chequing ****5037,rbc_pdf,Misc Payment GOODLIFE CLUBS,MISC PAYMENT GOODLIFE CLUBS,,Health,false,-37.79,CAD
d9a3e2a1413c7342,2026-02-09,2026-02,Mastercard ****2688,rbc_pdf,SQ *DL CHICKEN EAST VA VANCOUVER BC,SQ DL CHICKEN EAST VA VANCOUVER BC,,Dining & Takeout,false,-43.01,CAD
e3bd97e53b47bab8,2026-02-09,2026-02,Mastercard ****2688,rbc_pdf,VAPEZILLA SMOKE SHOP-S VANCOUVER BC,VAPEZILLA SMOKE SHOP S VANCOUVER BC,,Shopping,false,-35.00,CAD
165f227c96bc2545,2026-02-10,2026-02,Mastercard ****2688,rbc_pdf,COMPASS ACCOUNT BURNAB BURNABY BC,COMPASS ACCOUNT BURNAB BURNABY BC,,Transport,false,-6.60,CAD
3b2804fd562f19c9,2026-02-13,2026-02,Mastercard ****2688,rbc_pdf,APPLE.COM/BILL TORONTO ON,APPLE COM BILL TORONTO ON,,Subscriptions,false,-27.99,CAD
2200e78662bdf42b,2026-02-13,2026-02,Mastercard ****2688,rbc_pdf,APPLE.COM/BILL TORONTO ON,APPLE COM BILL TORONTO ON,,Subscriptions,false,-11.19,CAD
59d2079ae0e934fc,2026-02-13,2026-02,Mastercard ****2688,rbc_pdf,NEW FUJI VANCOUVER BC,NEW FUJI VANCOUVER BC,,Dining & Takeout,false,-107.53,CAD
ae77a4b11b74385d,2026-02-15,2026-02,Mastercard ****2688,rbc_pdf,88 SUPERMARKET KILLARN VANCOUVER BC,88 SUPERMARKET KILLARN VANCOUVER BC,,Groceries,false,-57.90,CAD
db77de6d2d357494,2026-02-15,2026-02,Mastercard ****2688,rbc_pdf,PRICESMART FOODS #2281 BURNABY BC,PRICESMART FOODS 2281 BURNABY BC,,Groceries,false,-15.13,CAD
037e41443c63e561,2026-02-15,2026-02,Mastercard ****2688,rbc_pdf,SHELL C01107 VANCOUVER BC,SHELL C01107 VANCOUVER BC,,Transport,false,-68.39,CAD
0ebedc191c5f24bd,2026-02-15,2026-02,Mastercard ****2688,rbc_pdf,TOMMY GUNS (STATION SQ BURNABY BC,TOMMY GUNS STATION SQ BURNABY BC,,Health,false,-45.85,CAD
90c9a57dc8f0c8aa,2026-02-16,2026-02,Mastercard ****2688,rbc_pdf,RICHMOND SPORTS AND FI RICHMOND BC,RICHMOND SPORTS AND FI RICHMOND BC,,Health,false,-18.00,CAD
224b99192b8f8a6d,2026-02-18,2026-02,Chequing ****5037,rbc_pdf,Monthly fee,MONTHLY FEE,,Bank Fees,false,-4.00,CAD
3a41b5d5f37ea52f,2026-02-18,2026-02,Mastercard ****2688,rbc_pdf,88 SUPERMARKET KILLARN VANCOUVER BC,88 SUPERMARKET KILLARN VANCOUVER BC,,Groceries,false,-29.05,CAD
dae563b0746fb999,2026-02-19,2026-02,Mastercard ****2688,rbc_pdf,LONDON DRUGS 53 VANCOUVER BC,LONDON DRUGS 53 VANCOUVER BC,,Health,false,-89.88,CAD
f4fc1be8cd228945,2026-02-20,2026-02,Chequing ****5037,rbc_pdf,Payroll Deposit CACTUSCLUBCAFEB,PAYROLL DEPOSIT CACTUSCLUBCAFEB,,Income,false,1264.91,CAD
c4a7fa3c77cd82e7,2026-02-23,2026-02,Chequing ****5037,rbc_pdf,Misc Payment GOODLIFE CLUBS,MISC PAYMENT GOODLIFE CLUBS,,Health,false,-37.79,CAD
0e6a83f824d20dc8,2026-02-23,2026-02,Mastercard ****2688,rbc_pdf,LONDON DRUGS 53 VANCOUVER BC,LONDON DRUGS 53 VANCOUVER BC,,Health,false,-30.44,CAD
905d72562d772a10,2026-02-24,2026-02,Mastercard ****2688,rbc_pdf,88 SUPERMARKET KILLARN VANCOUVER BC,88 SUPERMARKET KILLARN VANCOUVER BC,,Groceries,false,-82.90,CAD
651e9bee122253e4,2026-02-27,2026-02,Mastercard ****2688,rbc_pdf,KIMU JAPANESE CUISINE VANCOUVER BC,KIMU JAPANESE CUISINE VANCOUVER BC,,Dining & Takeout,false,-56.72,CAD
0a1688a9ef5295cc,2026-02-27,2026-02,Mastercard ****2688,rbc_pdf,T&T SUPERMARKET #001 BURNABY BC,T&T SUPERMARKET 001 BURNABY BC,,Groceries,false,-85.05,CAD
9cc37cdc9e2d63b3,2026-02-27,2026-02,Mastercard ****2688,rbc_pdf,ZIPBY CANADA LIMITED VANCOUVER BC,ZIPBY CANADA LIMITED VANCOUVER BC,,Transport,false,-21.10,CAD
0e70ee9eda053409,2026-02-28,2026-02,Mastercard ****2688,rbc_pdf,PLAYNOW.COM 8777066789 8777066789 BC,PLAYNOW COM 8777066789 8777066789 BC,,Gambling,false,-100.00,CAD
54b90b1bb9a24b23,2026-02-28,2026-02,Mastercard ****2688,rbc_pdf,REAL CDN SUPERSTORE #1 VANCOUVER BC,REAL CDN SUPERSTORE 1 VANCOUVER BC,,Groceries,false,-51.62,CAD
03350cfe644a9b4f,2026-03-02,2026-03,Chequing ****5037,rbc_pdf,Online Banking payment - 4056 VISA TD BANK,ONLINE BANKING PAYMENT 4056 VISA TD BANK,,Debt Payments,false,-111.60,CAD
ec01884387582a71,2026-03-02,2026-03,Chequing ****5037,rbc_pdf,Online Banking payment - 8745 VISA TD BANK,ONLINE BANKING PAYMENT 8745 VISA TD BANK,,Debt Payments,false,-35.00,CAD
60026a68ecb71026,2026-03-05,2026-03,Mastercard ****2688,rbc_pdf,SPOTIFY P400EFD4B8 STOCKHOLM SWE,SPOTIFY P400EFD4B8 STOCKHOLM SWE,,Subscriptions,false,-20.04,CAD
18a29bb2e3b2defa,2026-03-06,2026-03,Chequing ****5037,rbc_pdf,Payroll Deposit CACTUSCLUBCAFEB,PAYROLL DEPOSIT CACTUSCLUBCAFEB,,Income,false,1406.81,CAD
9ac1ab5080b12b76,2026-03-06,2026-03,Mastercard ****2688,rbc_pdf,ZIPBY CANADA LIMITED VANCOUVER BC,ZIPBY CANADA LIMITED VANCOUVER BC,,Transport,false,-21.10,CAD
e7b885edf3e36d89,2026-03-07,2026-03,Mastercard ****2688,rbc_pdf,APPLE.COM/BILL TORONTO ON,APPLE COM BILL TORONTO ON,,Subscriptions,false,-12.31,CAD
2e68baec34dad6ef,2026-03-07,2026-03,Mastercard ****2688,rbc_pdf,MT SEYMOUR RESORTS NORTH VANCOUVBC,MT SEYMOUR RESORTS NORTH VANCOUVBC,,Entertainment,false,-368.89,CAD
fce9742dd1ce1192,2026-03-07,2026-03,Mastercard ****2688,rbc_pdf,ZIPBY CANADA LIMITED VANCOUVER BC,ZIPBY CANADA LIMITED VANCOUVER BC,,Transport,false,-21.10,CAD
56b0cf9bdd9efa10,2026-03-08,2026-03,Mastercard ****2688,rbc_pdf,SHELL C01024 VANCOUVER BC,SHELL C01024 VANCOUVER BC,,Transport,false,-48.68,CAD
a895494f61537b1b,2026-03-08,2026-03,Mastercard ****2688,rbc_pdf,UBER CANADA/UBEREATS TORONTO ON,UBER CANADA UBEREATS TORONTO ON,,Dining & Takeout,false,-53.06,CAD
fc707dc0b68fed29,2026-03-09,2026-03,Chequing ****5037,rbc_pdf,e-Transfer Request Fulfilled PayDirect Billing Solutions Inc. V8EY9W,E TRANSFER REQUEST FULFILLED PAYDIRECT BILLING SOLUTIONS INC V8EY9W,PAYDIRECT BILLING SOLUTIONS INC,Gambling,false,-100.00,CAD
2024190cb485098e,2026-03-09,2026-03,Chequing ****5037,rbc_pdf,Misc Payment BC LOTTERY CORP,MISC PAYMENT BC LOTTERY CORP,,Gambling,false,700.07,CAD
0cdb4efc0dd3c795,2026-03-09,2026-03,Chequing ****5037,rbc_pdf,Misc Payment GOODLIFE CLUBS,MISC PAYMENT GOODLIFE CLUBS,,Health,false,-37.79,CAD
a50ece5a61a2ec86,2026-03-09,2026-03,Mastercard ****2688,rbc_pdf,TOMMY GUNS (STATION SQ BURNABY BC,TOMMY GUNS STATION SQ BURNABY BC,,Health,false,-45.85,CAD
1b14b7156c13bb94,2026-03-10,2026-03,Mastercard ****2688,rbc_pdf,ZIPBY CANADA LIMITED VANCOUVER BC,ZIPBY CANADA LIMITED VANCOUVER BC,,Transport,false,-21.10,CAD
b5e5e3b6bae2f2bb,2026-03-11,2026-03,Mastercard ****2688,rbc_pdf,ZIPBY CANADA LIMITED VANCOUVER BC,ZIPBY CANADA LIMITED VANCOUVER BC,,Transport,false,-21.10,CAD
3bd36dfd304e6118,2026-03-12,2026-03,Chequing ****5037,rbc_pdf,e-Transfer sent Athena Lau 4R5QTF,E TRANSFER SENT ATHENA LAU 4R5QTF,ATHENA LAU,Family/Gifts,false,-190.00,CAD
4f13791bbba591f7,2026-03-12,2026-03,Mastercard ****2688,rbc_pdf,EASYPARK HO VANCOUVER BC,EASYPARK HO VANCOUVER BC,,Transport,false,-82.00,CAD
366afc3956bf9afb,2026-03-13,2026-03,Mastercard ****2688,rbc_pdf,ZIPBY CANADA LIMITED VANCOUVER BC,ZIPBY CANADA LIMITED VANCOUVER BC,,Transport,false,-21.10,CAD
0ce2a6d8646911e7,2026-03-14,2026-03,Mastercard ****2688,rbc_pdf,GOGI KOREAN BBQ SUNRID CALGARY AB,GOGI KOREAN BBQ SUNRID CALGARY AB,,Dining & Takeout,false,-88.33,CAD
0b7cde8feb89583f,2026-03-14,2026-03,Mastercard ****2688,rbc_pdf,LONDON DRUGS 31 CALGARY AB,LONDON DRUGS 31 CALGARY AB,,Health,false,-23.07,CAD
20119669a0e58e72,2026-03-14,2026-03,Mastercard ****2688,rbc_pdf,SQ *COCO FRESH TEA & J CALGARY AB,SQ COCO FRESH TEA & J CALGARY AB,,Dining & Takeout,false,-24.21,CAD
7971ecfae5dc6583,2026-03-15,2026-03,Mastercard ****2688,rbc_pdf,DISCOVERY HUT (CHINOOK CALGARY AB,DISCOVERY HUT CHINOOK CALGARY AB,,Entertainment,false,-15.74,CAD
4c325440b275f146,2026-03-17,2026-03,Mastercard ****2688,rbc_pdf,MINORU CTR ACTIVE LIVI RICHMOND BC,MINORU CTR ACTIVE LIVI RICHMOND BC,,Health,false,-16.55,CAD
44dcb87d4109d1e0,2026-03-18,2026-03,Chequing ****5037,rbc_pdf,e-Transfer Request Fulfilled PayDirect Billing Solutions Inc. P2LXYX,E TRANSFER REQUEST FULFILLED PAYDIRECT BILLING SOLUTIONS INC P2LXYX,PAYDIRECT BILLING SOLUTIONS INC,Gambling,false,-100.00,CAD
3abf327e0cbdfbab,2026-03-18,2026-03,Chequing ****5037,rbc_pdf,Monthly fee,MONTHLY FEE,,Bank Fees,false,-4.00,CAD
591a51523b6555a5,2026-03-18,2026-03,Mastercard ****2688,rbc_pdf,ZIPBY CANADA LIMITED VANCOUVER BC,ZIPBY CANADA LIMITED VANCOUVER BC,,Transport,false,-21.10,CAD
92fbd94ec016139b,2026-03-19,2026-03,Chequing ****5037,rbc_pdf,e-Transfer sent Jess Kwon 8A4P6A,E TRANSFER SENT JESS KWON 8A4P6A,JESS KWON,Family/Gifts,false,-84.00,CAD
4d6c2b098a5a51f4,2026-03-19,2026-03,Mastercard ****2688,rbc_pdf,ZIPBY CANADA LIMITED VANCOUVER BC,ZIPBY CANADA LIMITED VANCOUVER BC,,Transport,false,-21.10,CAD
bc6f3d02c2a527b0,2026-03-20,2026-03,Chequing ****5037,rbc_pdf,e-Transfer Request Fulfilled PayDirect Billing Solutions Inc. UCY2M8,E TRANSFER REQUEST FULFILLED PAYDIRECT BILLING SOLUTIONS INC UCY2M8,PAYDIRECT BILLING SOLUTIONS INC,Gambling,false,-100.00,CAD
c7206559bc717818,2026-03-20,2026-03,Chequing ****5037,rbc_pdf,Payroll Deposit CACTUSCLUBCAFEB,PAYROLL DEPOSIT CACTUSCLUBCAFEB,,Income,false,1123.79,CAD
dd29e48d2fd05d88,2026-03-20,2026-03,Mastercard ****2688,rbc_pdf,CHV43079 2 & WESTMINST RICHMOND BC,CHV43079 2 & WESTMINST RICHMOND BC,,Transport,false,-85.00,CAD
e8b2e83f0fa02124,2026-03-20,2026-03,Mastercard ****2688,rbc_pdf,KEUMSAN RESTAURANT VANCOUVER BC,KEUMSAN RESTAURANT VANCOUVER BC,,Dining & Takeout,false,-50.60,CAD
65cf2171810a1054,2026-03-20,2026-03,Mastercard ****2688,rbc_pdf,REAL CDN SUPERSTORE #1 RICHMOND BC,REAL CDN SUPERSTORE 1 RICHMOND BC,,Groceries,false,-16.02,CAD
5baf1338278f1dc8,2026-03-20,2026-03,Mastercard ****2688,rbc_pdf,ZIPBY CANADA LIMITED VANCOUVER BC,ZIPBY CANADA LIMITED VANCOUVER BC,,Transport,false,-21.10,CAD
d70683ae01d98d6a,2026-03-21,2026-03,Mastercard ****2688,rbc_pdf,CHATIME CHA53 VANCOUVER BC,CHATIME CHA53 VANCOUVER BC,,Dining & Takeout,false,-16.07,CAD
94aea2a96cf2a505,2026-03-21,2026-03,Mastercard ****2688,rbc_pdf,ZIPBY CANADA LIMITED VANCOUVER BC,ZIPBY CANADA LIMITED VANCOUVER BC,,Transport,false,-21.10,CAD
8e38a9b294aa8331,2026-03-22,2026-03,Mastercard ****2688,rbc_pdf,CITY OF VAN PAYBYPHONE VANCOUVER BC,CITY OF VAN PAYBYPHONE VANCOUVER BC,,Transport,false,-2.55,CAD
cea17276068aafda,2026-03-23,2026-03,Chequing ****5037,rbc_pdf,e-Transfer Request Fulfilled Gigadat Inc E3CGLW,E TRANSFER REQUEST FULFILLED GIGADAT INC E3CGLW,GIGADAT INC,Gambling,false,-100.00,CAD
7a211aa2561712a9,2026-03-23,2026-03,Chequing ****5037,rbc_pdf,e-Transfer Request Fulfilled PayDirect Billing Solutions Inc. RAPZMD,E TRANSFER REQUEST FULFILLED PAYDIRECT BILLING SOLUTIONS INC RAPZMD,PAYDIRECT BILLING SOLUTIONS INC RAPZMD,Gambling,false,-100.00,CAD
509361bf350aafa3,2026-03-23,2026-03,Chequing ****5037,rbc_pdf,Misc Payment GOODLIFE CLUBS,MISC PAYMENT GOODLIFE CLUBS,,Health,false,-37.79,CAD
5616e9698036b1a1,2026-03-23,2026-03,Mastercard ****2688,rbc_pdf,88 SUPERMARKET KILLARN VANCOUVER BC,88 SUPERMARKET KILLARN VANCOUVER BC,,Groceries,false,-12.13,CAD
1844040c42389226,2026-03-23,2026-03,Mastercard ****2688,rbc_pdf,APPLE.COM/BILL TORONTO ON,APPLE COM BILL TORONTO ON,,Subscriptions,false,-27.99,CAD
99c63b80862d30b8,2026-03-24,2026-03,Chequing ****5037,rbc_pdf,e-Transfer sent Athena Lau QXN5HR,E TRANSFER SENT ATHENA LAU QXN5HR,ATHENA LAU,Family/Gifts,false,-493.00,CAD
dcef870b23872f03,2026-03-24,2026-03,Mastercard ****2688,rbc_pdf,PLAYNOW.COM 8777066789 8777066789 BC,PLAYNOW COM 8777066789 8777066789 BC,,Gambling,false,-100.00,CAD
f4120a1a6d5efa7c,2026-03-24,2026-03,Mastercard ****2688,rbc_pdf,ZIPBY CANADA LIMITED VANCOUVER BC,ZIPBY CANADA LIMITED VANCOUVER BC,,Transport,false,-21.10,CAD
abdc3f5f1066e774,2026-03-25,2026-03,Mastercard ****2688,rbc_pdf,SHOPPERS DRUG MART 227 VANCOUVER BC,SHOPPERS DRUG MART 227 VANCOUVER BC,,Health,false,-16.77,CAD
1a44e629cbbb82c0,2026-03-25,2026-03,Mastercard ****2688,rbc_pdf,SHOPPERS DRUG MART 227 VANCOUVER BC,SHOPPERS DRUG MART 227 VANCOUVER BC,,Health,false,-8.14,CAD
a74b339149f5e90c,2026-03-25,2026-03,Mastercard ****2688,rbc_pdf,ZIPBY CANADA LIMITED VANCOUVER BC,ZIPBY CANADA LIMITED VANCOUVER BC,,Transport,false,-21.10,CAD
29d8177397b9aa39,2026-03-26,2026-03,Mastercard ****2688,rbc_pdf,HELLO NORI - RICHMOND RICHMOND BC,HELLO NORI RICHMOND RICHMOND BC,,Dining & Takeout,false,-102.45,CAD
e4d2d8f6717ab79e,2026-03-26,2026-03,Mastercard ****2688,rbc_pdf,R.F. HAUSER SHOWS CHILLIWACK BC,R F HAUSER SHOWS CHILLIWACK BC,,Entertainment,false,-18.00,CAD
b2184b1bfb9873aa,2026-03-26,2026-03,Mastercard ****2688,rbc_pdf,ZIPBY CANADA LIMITED VANCOUVER BC,ZIPBY CANADA LIMITED VANCOUVER BC,,Transport,false,-21.10,CAD
bee8f116b926b1cc,2026-03-27,2026-03,Mastercard ****2688,rbc_pdf,ZIPBY CANADA LIMITED VANCOUVER BC,ZIPBY CANADA LIMITED VANCOUVER BC,,Transport,false,-21.10,CAD
32629eb53b5bfcc6,2026-03-28,2026-03,Mastercard ****2688,rbc_pdf,EASYPARK HO VANCOUVER BC,EASYPARK HO VANCOUVER BC,,Transport,false,-82.00,CAD
87202ee7ed6bdd7e,2026-03-28,2026-03,Mastercard ****2688,rbc_pdf,FGT*BEYOND PNW 8885127469 TX Foreign Currency  - USD   335.27  Exchange rate - 1.423091,FGT BEYOND PNW 8885127469 TX,,Entertainment,false,-477.12,CAD
ec7ed747c96e8f0b,2026-03-29,2026-03,Mastercard ****2688,rbc_pdf,BIG WAY HOT POT KINGSW BURNABY BC,BIG WAY HOT POT KINGSW BURNABY BC,,Dining & Takeout,false,-37.45,CAD
6591bcb762151540,2026-03-30,2026-03,Chequing ****5037,rbc_pdf,e-Transfer Request Fulfilled PayDirect Billing Solutions Inc. 7NAJGF,E TRANSFER REQUEST FULFILLED PAYDIRECT BILLING SOLUTIONS INC 7NAJGF,PAYDIRECT BILLING SOLUTIONS INC,Gambling,false,-100.00,CAD
e1c06f79e83639b4,2026-03-30,2026-03,Mastercard ****2688,rbc_pdf,UBER CANADA/UBERTRIP TORONTO ON,UBER CANADA UBERTRIP TORONTO ON,,Transport,false,-5.58,CAD
14cf1fe4672db8bc,2026-03-31,2026-03,Chequing ****5037,rbc_pdf,Online Banking payment - 3434 VISA TD BANK,ONLINE BANKING PAYMENT 3434 VISA TD BANK,,Debt Payments,false,-35.00,CAD
ab860e47e9edd60e,2026-03-31,2026-03,Mastercard ****2688,rbc_pdf,CHV43081 GARDEN CITY C RICHMOND BC,CHV43081 GARDEN CITY C RICHMOND BC,,Transport,false,-85.68,CAD
581a71b60e0adccd,2026-03-31,2026-03,Mastercard ****2688,rbc_pdf,NANDO'S RICHMOND NORTH RICHMOND BC,NANDO'S RICHMOND NORTH RICHMOND BC,,Dining & Takeout,false,-37.78,CAD
764c1657e34965bb,2026-03-31,2026-03,Mastercard ****2688,rbc_pdf,PARKING SHOPS AT NEW W NEW WESTMINSTBC,PARKING SHOPS AT NEW W NEW WESTMINSTBC,,Transport,false,-3.75,CAD
0425d5ec9d0d6d76,2026-03-31,2026-03,Mastercard ****2688,rbc_pdf,SQ *EARNEST ICE CREAM VANCOUVER BC,SQ EARNEST ICE CREAM VANCOUVER BC,,Dining & Takeout,false,-40.72,CAD
dd5c6b05488e53ef,2026-03-31,2026-03,Mastercard ****2688,rbc_pdf,UBER CANADA/UBERTRIP TORONTO ON,UBER CANADA UBERTRIP TORONTO ON,,Transport,false,-10.65,CAD
064ea61ac2b3eaad,2026-03-31,2026-03,Mastercard ****2688,rbc_pdf,ZIPBY CANADA LIMITED VANCOUVER BC,ZIPBY CANADA LIMITED VANCOUVER BC,,Transport,false,-21.10,CAD
00dbee4bbd3ca22e,2026-04-01,2026-04,Mastercard ****2688,rbc_pdf,LM NEW WESTMINSTER NEW WEST BC,LM NEW WESTMINSTER NEW WEST BC,,Shopping,false,-26.78,CAD
e7983c50c395bf71,2026-04-01,2026-04,Mastercard ****2688,rbc_pdf,UBER CANADA/UBERTRIP TORONTO ON,UBER CANADA UBERTRIP TORONTO ON,,Transport,false,-11.95,CAD
45da03befdfbeb50,2026-04-01,2026-04,Mastercard ****2688,rbc_pdf,ZIPBY CANADA LIMITED VANCOUVER BC,ZIPBY CANADA LIMITED VANCOUVER BC,,Transport,false,-21.10,CAD
0c0e7d1c77269104,2026-04-02,2026-04,Chequing ****5037,rbc_pdf,Account Payable Pmt CACTUS AP,ACCOUNT PAYABLE PMT CACTUS AP,,Income,false,16.77,CAD
3441fa1cf0ddb4ec,2026-04-02,2026-04,Chequing ****5037,rbc_pdf,GST CANADA,GST CANADA,,Income,false,133.25,CAD
0d89b3d55a430d1d,2026-04-02,2026-04,Chequing ****5037,rbc_pdf,Online Banking payment - 7816 VISA TD BANK,ONLINE BANKING PAYMENT 7816 VISA TD BANK,,Debt Payments,false,-111.60,CAD
e1d28d190c09ae72,2026-04-02,2026-04,Chequing ****5037,rbc_pdf,Payroll Deposit CACTUSCLUBCAFEB,PAYROLL DEPOSIT CACTUSCLUBCAFEB,,Income,false,1119.95,CAD
810f8724a2068366,2026-04-02,2026-04,Mastercard ****2688,rbc_pdf,CITY OF VAN PAYBYPHONE VANCOUVER BC,CITY OF VAN PAYBYPHONE VANCOUVER BC,,Transport,false,-3.30,CAD
c1d2c9905757d5a1,2026-04-02,2026-04,Mastercard ****2688,rbc_pdf,OEB YALETOWN VANCOUVER BC,OEB YALETOWN VANCOUVER BC,,Dining & Takeout,false,-68.78,CAD
6f490a38d4765ee3,2026-04-04,2026-04,Mastercard ****2688,rbc_pdf,TG - STATION SQUARE BURNABY BC,TG STATION SQUARE BURNABY BC,,Health,false,-45.85,CAD
06799cd15b0cec22,2026-04-05,2026-04,Mastercard ****2688,rbc_pdf,SPOTIFY P4125EBA2B STOCKHOLM SWE,SPOTIFY P4125EBA2B STOCKHOLM SWE,,Subscriptions,false,-20.04,CAD
00ae4ff1284aedf3,2026-04-05,2026-04,Mastercard ****2688,rbc_pdf,UNIQLO CANADA POS_CA_M BURNABY BC,UNIQLO CANADA POS CA M BURNABY BC,,Shopping,false,-67.09,CAD
621d9865f00422f3,2026-04-06,2026-04,Chequing ****5037,rbc_pdf,e-Transfer sent Monica WMR7E6,E TRANSFER SENT MONICA WMR7E6,MONICA,Family/Gifts,false,-56.20,CAD
38c1b597523f38d5,2026-04-06,2026-04,Chequing ****5037,rbc_pdf,Misc Payment GOODLIFE CLUBS,MISC PAYMENT GOODLIFE CLUBS,,Health,false,-37.79,CAD
1a202ae62dbc725f,2026-04-06,2026-04,Mastercard ****2688,rbc_pdf,COSTCO WHOLESALE W54 RICHMOND BC,COSTCO WHOLESALE W54 RICHMOND BC,,Groceries,false,-68.25,CAD
dc8ca9450b3bcfae,2026-04-06,2026-04,Mastercard ****2688,rbc_pdf,COSTCO WHOLESALE W54 RICHMOND BC,COSTCO WHOLESALE W54 RICHMOND BC,,Groceries,false,-54.53,CAD
0e7c75fe42a404f2,2026-04-06,2026-04,Mastercard ****2688,rbc_pdf,PLAYNOW.COM 8777066789 8777066789 BC,PLAYNOW COM 8777066789 8777066789 BC,,Gambling,false,-100.00,CAD
29dcbebcbb1efc7b,2026-04-06,2026-04,Mastercard ****2688,rbc_pdf,POPEYES #13590 RICHMOND BC,POPEYES 13590 RICHMOND BC,,Dining & Takeout,false,-45.64,CAD
e5d1a8dd8493f0ea,2026-04-07,2026-04,Mastercard ****2688,rbc_pdf,CHV43068 VICTORIA DRIV VANCOUVER BC,CHV43068 VICTORIA DRIV VANCOUVER BC,,Transport,false,-150.00,CAD
6b96e32efe0e9303,2026-04-08,2026-04,Chequing ****5037,rbc_pdf,Tax Refund CANADA,TAX REFUND CANADA,,Income,false,2343.11,CAD
7191dc9057f57de3,2026-04-08,2026-04,Mastercard ****2688,rbc_pdf,SKINNY DUKES KELOWNA BC,SKINNY DUKES KELOWNA BC,,Dining & Takeout,false,-90.70,CAD
7a038cdcdf435669,2026-04-09,2026-04,Mastercard ****2688,rbc_pdf,FGT*BEYOND PNW 8885127469 TX Foreign Currency  - USD   82.96  Exchange rate - 1.421046,FGT BEYOND PNW 8885127469 TX,,Entertainment,false,-117.89,CAD
edb25533eca8d884,2026-04-10,2026-04,Mastercard ****2688,rbc_pdf,REAL CDN SUPERSTORE #1 WESTBANK BC,REAL CDN SUPERSTORE 1 WESTBANK BC,,Groceries,false,-39.23,CAD
d735a0ade7523805,2026-04-10,2026-04,Mastercard ****2688,rbc_pdf,SQ *TULIPS OF THE VALL AGASSIZ BC,SQ TULIPS OF THE VALL AGASSIZ BC,,Family/Gifts,false,-33.60,CAD
d7619af17326a12d,2026-04-11,2026-04,Mastercard ****2688,rbc_pdf,ORETACHI CURRY MAIN ST VANCOUVER BC,ORETACHI CURRY MAIN ST VANCOUVER BC,,Dining & Takeout,false,-66.45,CAD
3a9779205e7b9dee,2026-04-11,2026-04,Mastercard ****2688,rbc_pdf,SP KIDORIMAN JACKSON WY Foreign Currency  - USD   169.90  Exchange rate - 1.419187,SP KIDORIMAN JACKSON WY,,Shopping,false,-241.12,CAD
7da185f034516abe,2026-04-11,2026-04,Mastercard ****2688,rbc_pdf,TST-GOOD9 KOREAN BBQ RICHMOND BC,TST GOOD9 KOREAN BBQ RICHMOND BC,,Dining & Takeout,false,-179.69,CAD
1ea188d79d9578ed,2026-04-12,2026-04,Mastercard ****2688,rbc_pdf,APPLE STORE #R460 BURNABY BC,APPLE STORE R460 BURNABY BC,,Shopping,false,-829.25,CAD
84177993b1da4acb,2026-04-12,2026-04,Mastercard ****2688,rbc_pdf,CASE MOGUL BURNABY BC,CASE MOGUL BURNABY BC,,Shopping,false,-44.80,CAD
64677958379eea97,2026-04-12,2026-04,Mastercard ****2688,rbc_pdf,COSTCO WHOLESALE W552 VANCOUVER BC,COSTCO WHOLESALE W552 VANCOUVER BC,,Groceries,false,-1333.00,CAD
37d9c8eb4f7df83c,2026-04-12,2026-04,Mastercard ****2688,rbc_pdf,COSTCO WHOLESALE W552 VANCOUVER BC,COSTCO WHOLESALE W552 VANCOUVER BC,,Groceries,false,-223.98,CAD
bf2e5ba901918304,2026-04-12,2026-04,Mastercard ****2688,rbc_pdf,KOYA JAPAN 2109 BURNABY BC,KOYA JAPAN 2109 BURNABY BC,,Dining & Takeout,false,-16.05,CAD
10ab3630a7326dc2,2026-04-12,2026-04,Mastercard ****2688,rbc_pdf,SUBWAY 54752 VANCOUVER BC,SUBWAY 54752 VANCOUVER BC,,Dining & Takeout,false,-17.21,CAD
7dc5318e8a011eaf,2026-04-13,2026-04,Chequing ****5037,rbc_pdf,Online Banking payment - 0502 ROGERS BANK,ONLINE BANKING PAYMENT 0502 ROGERS BANK,,Rogers Card,false,-740.33,CAD
287d37298c175eee,2026-04-13,2026-04,Mastercard ****2688,rbc_pdf,APPLE.COM/BILL TORONTO ON,APPLE COM BILL TORONTO ON,,Subscriptions,false,-27.99,CAD
14f545ef25e0ce64,2026-04-13,2026-04,Mastercard ****2688,rbc_pdf,APPLE.COM/BILL TORONTO ON,APPLE COM BILL TORONTO ON,,Subscriptions,false,-12.31,CAD
667a3923e870bbac,2026-04-13,2026-04,Mastercard ****2688,rbc_pdf,COLUMBUS MEAT MARKET L VANCOUVER BC,COLUMBUS MEAT MARKET L VANCOUVER BC,,Groceries,false,-64.18,CAD
ce1571acf2bf060b,2026-04-13,2026-04,Mastercard ****2688,rbc_pdf,UNIQLO CANADA POS_CA_M BURNABY BC,UNIQLO CANADA POS CA M BURNABY BC,,Shopping,false,-111.84,CAD
adad173da84f7a1a,2026-04-14,2026-04,Mastercard ****2688,rbc_pdf,BESTBUY 99 VANCOUVER BC,BESTBUY 99 VANCOUVER BC,,Shopping,false,-20.15,CAD
55e54439ebd26fd7,2026-04-15,2026-04,Mastercard ****2688,rbc_pdf,FEDEX90995812 T1800 4633339ON,FEDEX90995812 T1800 4633339ON,,Shopping,false,-36.83,CAD
9d258216602f704e,2026-04-16,2026-04,Mastercard ****2688,rbc_pdf,KEUMSAN RESTAURANT VANCOUVER BC,KEUMSAN RESTAURANT VANCOUVER BC,,Dining & Takeout,false,-45.77,CAD
9b5a08bd56ca6e49,2026-04-17,2026-04,Chequing ****5037,rbc_pdf,Monthly fee,MONTHLY FEE,,Bank Fees,false,-4.00,CAD
b76d8c7051d25e9e,2026-04-17,2026-04,Chequing ****5037,rbc_pdf,Payroll Deposit CACTUSCLUBCAFEB,PAYROLL DEPOSIT CACTUSCLUBCAFEB,,Income,false,388.38,CAD
b682d74ba8907d39,2026-04-19,2026-04,Mastercard ****2688,rbc_pdf,STEAMGAMES.COM 4259522 BELLEVUE WA,STEAMGAMES COM 4259522 BELLEVUE WA,,Entertainment,false,-15.39,CAD
40920eede5644fd2,2026-04-20,2026-04,Chequing ****5037,rbc_pdf,Misc Payment GOODLIFE CLUBS,MISC PAYMENT GOODLIFE CLUBS,,Health,false,-37.79,CAD
5a2d0c3b2202a133,2026-04-20,2026-04,Mastercard ****2688,rbc_pdf,CITY OF VAN PAYBYPHONE VANCOUVER BC,CITY OF VAN PAYBYPHONE VANCOUVER BC,,Transport,false,-1.80,CAD
9ec83b5348157903,2026-04-20,2026-04,Mastercard ****2688,rbc_pdf,CITY OF VAN PAYBYPHONE VANCOUVER BC,CITY OF VAN PAYBYPHONE VANCOUVER BC,,Transport,false,-1.05,CAD
607d420baa84d1be,2026-04-21,2026-04,Chequing ****5037,rbc_pdf,e-Transfer sent Annaleese HM82K7,E TRANSFER SENT ANNALEESE HM82K7,ANNALEESE,Family/Gifts,false,-20.00,CAD
eb3bbe4bf296a379,2026-04-21,2026-04,Chequing ****5037,rbc_pdf,e-Transfer sent Athena Lau QLU4WQ,E TRANSFER SENT ATHENA LAU QLU4WQ,ATHENA LAU,Family/Gifts,false,-95.00,CAD
b73a1b7061ac540d,2026-04-21,2026-04,Mastercard ****2688,rbc_pdf,BEST BUY #973 BURNABY BC,BEST BUY 973 BURNABY BC,,Shopping,false,-156.73,CAD
7143cc32b28f7466,2026-04-21,2026-04,Mastercard ****2688,rbc_pdf,TST-LEOPOLDS TAVERN V VANCOUVER BC,TST LEOPOLDS TAVERN V VANCOUVER BC,,Dining & Takeout,false,-79.98,CAD
ba705cb41797a9ce,2026-04-24,2026-04,Chequing ****5037,rbc_pdf,e-Transfer sent Anna Ngo 2DBPP2,E TRANSFER SENT ANNA NGO 2DBPP2,ANNA NGO,Family/Gifts,false,-43.00,CAD
1139b4aae8164e3b,2026-04-24,2026-04,Chequing ****5037,rbc_pdf,e-Transfer sent Dom H2FJEG,E TRANSFER SENT DOM H2FJEG,DOM,Family/Gifts,false,-43.00,CAD
24d3815461af3a5e,2026-04-24,2026-04,Mastercard ****2688,rbc_pdf,PETRO-CANADA 91324 COQUITLAM BC,PETRO CANADA 91324 COQUITLAM BC,,Transport,false,-80.75,CAD
b6f9dc4ef712d81a,2026-04-26,2026-04,Mastercard ****2688,rbc_pdf,AMAZON.CA* BS34E4BM1 VANCOUVER BC,AMAZON CA BS34E4BM1 VANCOUVER BC,,Shopping,false,-55.82,CAD
9b5a344a48ab0bbb,2026-04-28,2026-04,Chequing ****5037,rbc_pdf,ATM deposit - VA654872,ATM DEPOSIT,,Gambling,false,4000.00,CAD
39969e800e147eac,2026-04-28,2026-04,Mastercard ****2688,rbc_pdf,AMAZON.CA* BS34E4BM1 VANCOUVER BC,AMAZON CA BS34E4BM1 VANCOUVER BC,,Shopping,false,55.82,CAD
ab2915e1a297b0d9,2026-04-28,2026-04,Mastercard ****2688,rbc_pdf,STAPLES#68 COQUITLAM BC,STAPLES 68 COQUITLAM BC,,Shopping,false,-335.89,CAD
a528d003db07ac5b,2026-04-28,2026-04,Mastercard ****2688,rbc_pdf,STARBUCKS 16715 COQUITLAM BC,STARBUCKS 16715 COQUITLAM BC,,Dining & Takeout,false,-27.93,CAD
441e18a2656fa092,2026-04-30,2026-04,Chequing ****5037,rbc_pdf,e-Transfer sent Jessica Kwon HV7T4E,E TRANSFER SENT JESSICA KWON HV7T4E,JESSICA KWON,Family/Gifts,false,-62.00,CAD
619a78a79bc07e3d,2026-04-30,2026-04,Chequing ****5037,rbc_pdf,Payroll Deposit MARRAND AUTO IN,PAYROLL DEPOSIT MARRAND AUTO IN,,Income,false,2306.04,CAD
b0f87036b54779f0,2026-04-30,2026-04,Mastercard ****2688,rbc_pdf,CHV43079 2 & WESTMINST RICHMOND BC,CHV43079 2 & WESTMINST RICHMOND BC,,Transport,false,-76.10,CAD
bfe6dcb44fba6d69,2026-05-01,2026-05,Mastercard ****2688,rbc_pdf,WENDY'S RESTAURANT #65 COQUITLAM BC,WENDY'S RESTAURANT 65 COQUITLAM BC,,Dining & Takeout,false,-6.92,CAD
913c321493e21e72,2026-05-02,2026-05,Mastercard ****2688,rbc_pdf,TIMOTHY`S FROZEN YOGUR RICHMOND BC,TIMOTHY S FROZEN YOGUR RICHMOND BC,,Dining & Takeout,false,-12.50,CAD
2acffc7c11608c6b,2026-05-03,2026-05,Mastercard ****2688,rbc_pdf,EB GAMES 852 BURNABY BC,EB GAMES 852 BURNABY BC,,Entertainment,false,-35.82,CAD
b2c9f0b9b14e2ba9,2026-05-03,2026-05,Mastercard ****2688,rbc_pdf,REAL CDN SUPERSTORE #1 BURNABY BC,REAL CDN SUPERSTORE 1 BURNABY BC,,Groceries,false,-18.45,CAD
36ec1e1bcc19d300,2026-05-03,2026-05,Mastercard ****2688,rbc_pdf,TOMMY GUNS (STATION SQ BURNABY BC,TOMMY GUNS STATION SQ BURNABY BC,,Health,false,-45.85,CAD
4cb28b9c39c3af54,2026-05-04,2026-05,Chequing ****5037,rbc_pdf,e-Transfer sent Randy Lu 9596AH,E TRANSFER SENT RANDY LU 9596AH,RANDY LU,Family/Gifts,false,-60.00,CAD
e5bd8c887c4e3bbd,2026-05-04,2026-05,Chequing ****5037,rbc_pdf,Misc Payment GOODLIFE CLUBS,MISC PAYMENT GOODLIFE CLUBS,,Health,false,-37.79,CAD
82549714118cc610,2026-05-04,2026-05,Chequing ****5037,rbc_pdf,Online Banking payment - 3965 VISA TD BANK,ONLINE BANKING PAYMENT 3965 VISA TD BANK,,Debt Payments,false,-111.60,CAD
6d57029d42f5504f,2026-05-04,2026-05,Mastercard ****2688,rbc_pdf,88 SUPERMARKET KILLARN VANCOUVER BC,88 SUPERMARKET KILLARN VANCOUVER BC,,Groceries,false,-19.94,CAD
6331feb5ce9da165,2026-05-05,2026-05,Mastercard ****2688,rbc_pdf,SPOTIFY P4224C3234 STOCKHOLM SWE,SPOTIFY P4224C3234 STOCKHOLM SWE,,Subscriptions,false,-20.04,CAD
4542160d6826abe7,2026-05-06,2026-05,Mastercard ****2688,rbc_pdf,LONDON DRUGS 11 RICHMOND BC,LONDON DRUGS 11 RICHMOND BC,,Health,false,-71.73,CAD
d4805fff39c1710a,2026-05-06,2026-05,Mastercard ****2688,rbc_pdf,STAPLES#68 COQUITLAM BC,STAPLES 68 COQUITLAM BC,,Shopping,false,-67.18,CAD
96aa9bb81b5e6b63,2026-05-06,2026-05,Mastercard ****2688,rbc_pdf,TIM HORTONS #2403 COQUITLAM BC,TIM HORTONS 2403 COQUITLAM BC,,Dining & Takeout,false,-7.85,CAD
d539edfaa93f70cf,2026-05-07,2026-05,Chequing ****5037,rbc_pdf,Contactless Interac purchase - 0307 YANG'S DUMPLING,CONTACTLESS INTERAC PURCHASE 0307 YANG'S DUMPLING,,Dining & Takeout,false,-38.64,CAD
4cfa045e76ffff25,2026-05-07,2026-05,Mastercard ****2688,rbc_pdf,LONDON DRUGS 53 VANCOUVER BC,LONDON DRUGS 53 VANCOUVER BC,,Health,false,-14.55,CAD
56baeb3e37642091,2026-05-07,2026-05,Mastercard ****2688,rbc_pdf,PETRO-CANADA 91324 COQUITLAM BC,PETRO CANADA 91324 COQUITLAM BC,,Transport,false,-87.35,CAD
368ae03e207f16ab,2026-05-07,2026-05,Mastercard ****2688,rbc_pdf,STAPLES#68 COQUITLAM BC,STAPLES 68 COQUITLAM BC,,Shopping,false,-67.18,CAD
9413e3bd19971566,2026-05-07,2026-05,Mastercard ****2688,rbc_pdf,TRIPLE O'S #209 COQUITLAM BC,TRIPLE O'S 209 COQUITLAM BC,,Dining & Takeout,false,-12.59,CAD
4cdec79a449b3a96,2026-05-07,2026-05,Mastercard ****2688,rbc_pdf,WAL-MART #1208 COQUITLAM BC,WAL MART 1208 COQUITLAM BC,,Groceries,false,-60.44,CAD
2b374b18ea3efa10,2026-05-08,2026-05,Mastercard ****2688,rbc_pdf,TIM HORTONS #2403 COQUITLAM BC,TIM HORTONS 2403 COQUITLAM BC,,Dining & Takeout,false,-8.80,CAD
a4d8c096d233c0da,2026-05-08,2026-05,Mastercard ****2688,rbc_pdf,VAPE STREET BURNABY BC,VAPE STREET BURNABY BC,,Shopping,false,-44.09,CAD
40014c8a6507d499,2026-05-08,2026-05,Mastercard ****2688,rbc_pdf,WAL-MART #1206 MAPLE RIDGE BC,WAL MART 1206 MAPLE RIDGE BC,,Groceries,false,-2.59,CAD
af237729874d0386,2026-05-09,2026-05,Mastercard ****2688,rbc_pdf,GACHA GAMES LODZ 20 Foreign Currency  - USD   27.05  Exchange rate - 1.405175,GACHA GAMES LODZ,,Mobile Games,false,-38.01,CAD
88b4bbf284604880,2026-05-09,2026-05,Mastercard ****2688,rbc_pdf,GACHA GAMES LODZ 20 Foreign Currency  - USD   32.29  Exchange rate - 1.405388,GACHA GAMES LODZ,,Mobile Games,false,-45.38,CAD
782b9526d33dc8ed,2026-05-09,2026-05,Mastercard ****2688,rbc_pdf,GACHA GAMES LODZ 20 Foreign Currency  - USD   32.29  Exchange rate - 1.405388,GACHA GAMES LODZ,,Mobile Games,false,-45.38,CAD
056b68dc7d7f3dd2,2026-05-09,2026-05,Mastercard ****2688,rbc_pdf,GACHA GAMES LODZ 20 Foreign Currency  - USD   44.85  Exchange rate - 1.405351,GACHA GAMES LODZ,,Mobile Games,false,-63.03,CAD
3f9c91bf3262c3cc,2026-05-09,2026-05,Mastercard ****2688,rbc_pdf,GACHA GAMES LODZ 20 Foreign Currency  - USD   44.85  Exchange rate - 1.405351,GACHA GAMES LODZ,,Mobile Games,false,-63.03,CAD
29cbbef68733d74c,2026-05-09,2026-05,Mastercard ****2688,rbc_pdf,GACHA GAMES LODZ 20 Foreign Currency  - USD   44.85  Exchange rate - 1.405351,GACHA GAMES LODZ,,Mobile Games,false,-63.03,CAD
b4f19decb672581d,2026-05-09,2026-05,Mastercard ****2688,rbc_pdf,GACHA GAMES LODZ 20 Foreign Currency  - USD   44.85  Exchange rate - 1.405351,GACHA GAMES LODZ,,Mobile Games,false,-63.03,CAD
d971cc565e22490d,2026-05-10,2026-05,Mastercard ****2688,rbc_pdf,GACHA GAMES LODZ 20 Foreign Currency  - USD   12.32  Exchange rate - 1.405032,GACHA GAMES LODZ,,Mobile Games,false,-17.31,CAD
c669d79cd2a5633f,2026-05-10,2026-05,Mastercard ****2688,rbc_pdf,GACHA GAMES LODZ 20 Foreign Currency  - USD   44.85  Exchange rate - 1.405351,GACHA GAMES LODZ,,Mobile Games,false,-63.03,CAD
fc19593b5b7005aa,2026-05-11,2026-05,Mastercard ****2688,rbc_pdf,TST-JAY NOK MODERN THA VANCOUVER BC,TST JAY NOK MODERN THA VANCOUVER BC,,Dining & Takeout,false,-384.09,CAD
706da2698d132a3e,2026-05-11,2026-05,Mastercard ****2688,rbc_pdf,VANCITY CJ TRADING CAR RICHMOND BC,VANCITY CJ TRADING CAR RICHMOND BC,,Entertainment,false,-126.01,CAD
250b0085dff2adc8,2026-05-12,2026-05,Chequing ****5037,rbc_pdf,e-Transfer sent Athena Lau 3G3VLG,E TRANSFER SENT ATHENA LAU 3G3VLG,ATHENA LAU,Family/Gifts,false,-270.00,CAD
d3ff719fb0382f2f,2026-05-12,2026-05,Mastercard ****2688,rbc_pdf,GACHA GAMES LODZ 20 Foreign Currency  - USD   11.26  Exchange rate - 1.406749,GACHA GAMES LODZ,,Mobile Games,false,-15.84,CAD
c8771c087990e0c2,2026-05-12,2026-05,Mastercard ****2688,rbc_pdf,GACHA GAMES LODZ 20 Foreign Currency  - USD   11.27  Exchange rate - 1.403726,GACHA GAMES LODZ,,Mobile Games,false,-15.82,CAD
9403a138bc932823,2026-05-12,2026-05,Mastercard ****2688,rbc_pdf,GACHA GAMES LODZ 20 Foreign Currency  - USD   13.73  Exchange rate - 1.404224,GACHA GAMES LODZ,,Mobile Games,false,-19.28,CAD
5080353b6f795455,2026-05-12,2026-05,Mastercard ****2688,rbc_pdf,GACHA GAMES LODZ 20 Foreign Currency  - USD   24.88  Exchange rate - 1.406752,GACHA GAMES LODZ,,Mobile Games,false,-35.00,CAD
81cd4d1f5340bf8b,2026-05-12,2026-05,Mastercard ****2688,rbc_pdf,GACHA GAMES LODZ 20 Foreign Currency  - USD   25.93  Exchange rate - 1.403779,GACHA GAMES LODZ,,Mobile Games,false,-36.40,CAD
a33ba53c1716e49d,2026-05-12,2026-05,Mastercard ****2688,rbc_pdf,GACHA GAMES LODZ 20 Foreign Currency  - USD   44.85  Exchange rate - 1.404013,GACHA GAMES LODZ,,Mobile Games,false,-62.97,CAD
b7fe8a3805e67e9e,2026-05-12,2026-05,Mastercard ****2688,rbc_pdf,GACHA GAMES LODZ 20 Foreign Currency  - USD   44.85  Exchange rate - 1.404013,GACHA GAMES LODZ,,Mobile Games,false,-62.97,CAD
f90965af8284dc65,2026-05-12,2026-05,Mastercard ****2688,rbc_pdf,GACHA GAMES LODZ 20 Foreign Currency  - USD   44.85  Exchange rate - 1.404013,GACHA GAMES LODZ,,Mobile Games,false,-62.97,CAD
4dc53dc04dc9ea7b,2026-05-12,2026-05,Mastercard ****2688,rbc_pdf,GACHA GAMES LODZ 20 Foreign Currency  - USD   44.85  Exchange rate - 1.404013,GACHA GAMES LODZ,,Mobile Games,false,-62.97,CAD
d1baf99ef2a96adf,2026-05-13,2026-05,Mastercard ****2688,rbc_pdf,APPLE.COM/BILL TORONTO ON,APPLE COM BILL TORONTO ON,,Subscriptions,false,-40.30,CAD
98e8f4ad640e777b,2026-05-13,2026-05,Mastercard ****2688,rbc_pdf,GACHA GAMES LODZ 20 Foreign Currency  - USD   16.88  Exchange rate - 1.406398,GACHA GAMES LODZ,,Mobile Games,false,-23.74,CAD
cdf3213007d4110d,2026-05-13,2026-05,Mastercard ****2688,rbc_pdf,GACHA GAMES LODZ 20 Foreign Currency  - USD   44.85  Exchange rate - 1.406911,GACHA GAMES LODZ,,Mobile Games,false,-63.10,CAD
9572216d3e7b8167,2026-05-14,2026-05,Mastercard ****2688,rbc_pdf,GACHA GAMES LODZ 20 Foreign Currency  - USD   12.31  Exchange rate - 1.406173,GACHA GAMES LODZ,,Mobile Games,false,-17.31,CAD
f6c458cdaeb09553,2026-05-14,2026-05,Mastercard ****2688,rbc_pdf,GACHA GAMES LODZ 20 Foreign Currency  - USD   15.47  Exchange rate - 1.405946,GACHA GAMES LODZ,,Mobile Games,false,-21.75,CAD
8fa9db7c05915198,2026-05-14,2026-05,Mastercard ****2688,rbc_pdf,GACHA GAMES LODZ 20 Foreign Currency  - USD   16.50  Exchange rate - 1.406060,GACHA GAMES LODZ,,Mobile Games,false,-23.20,CAD
7ecddd7818697815,2026-05-14,2026-05,Mastercard ****2688,rbc_pdf,GACHA GAMES LODZ 20 Foreign Currency  - USD   18.59  Exchange rate - 1.405594,GACHA GAMES LODZ,,Mobile Games,false,-26.13,CAD
9afbdee157021e84,2026-05-14,2026-05,Mastercard ****2688,rbc_pdf,GACHA GAMES LODZ 20 Foreign Currency  - USD   20.52  Exchange rate - 1.405945,GACHA GAMES LODZ,,Mobile Games,false,-28.85,CAD
960bd7b236df0363,2026-05-14,2026-05,Mastercard ****2688,rbc_pdf,GACHA GAMES LODZ 20 Foreign Currency  - USD   32.28  Exchange rate - 1.405824,GACHA GAMES LODZ,,Mobile Games,false,-45.38,CAD
6d5fe96f4e280b0a,2026-05-14,2026-05,Mastercard ****2688,rbc_pdf,GACHA GAMES LODZ 20 Foreign Currency  - USD   33.26  Exchange rate - 1.406193,GACHA GAMES LODZ,,Mobile Games,false,-46.77,CAD
0a0323e2d582f949,2026-05-14,2026-05,Mastercard ****2688,rbc_pdf,GACHA GAMES LODZ 20 Foreign Currency  - USD   44.84  Exchange rate - 1.406110,GACHA GAMES LODZ,,Mobile Games,false,-63.05,CAD
12d2eca6e11d8217,2026-05-14,2026-05,Mastercard ****2688,rbc_pdf,GACHA GAMES LODZ 20 Foreign Currency  - USD   44.85  Exchange rate - 1.406020,GACHA GAMES LODZ,,Mobile Games,false,-63.06,CAD
56f2458cce3c6d08,2026-05-14,2026-05,Mastercard ****2688,rbc_pdf,LONDON DRUGS 53 VANCOUVER BC,LONDON DRUGS 53 VANCOUVER BC,,Health,false,-42.53,CAD
a89b7bdf0492454e,2026-05-14,2026-05,Mastercard ****2688,rbc_pdf,PETRO-CANADA 91324 COQUITLAM BC,PETRO CANADA 91324 COQUITLAM BC,,Transport,false,-79.35,CAD
a5f84b4a7f0d53be,2026-05-14,2026-05,Mastercard ****2688,rbc_pdf,WAL-MART #1208 COQUITLAM BC,WAL MART 1208 COQUITLAM BC,,Groceries,false,-119.53,CAD
c452a187eadb024a,2026-05-14,2026-05,Mastercard ****2688,rbc_pdf,WAL-MART #1208 COQUITLAM BC,WAL MART 1208 COQUITLAM BC,,Groceries,false,-49.24,CAD
2e752491951709ba,2026-05-14,2026-05,Mastercard ****2688,rbc_pdf,WAL-MART #3008 BURNABY BC,WAL MART 3008 BURNABY BC,,Groceries,false,-30.22,CAD
98ca4920a576b1c7,2026-05-15,2026-05,Chequing ****5037,rbc_pdf,Monthly fee,MONTHLY FEE,,Bank Fees,false,-4.00,CAD
4f1e2e839e8e29bb,2026-05-15,2026-05,Chequing ****5037,rbc_pdf,Online Banking payment - 5973 ROGERS BANK,ONLINE BANKING PAYMENT 5973 ROGERS BANK,,Rogers Card,false,-56.14,CAD
838aa6a391f17032,2026-05-15,2026-05,Chequing ****5037,rbc_pdf,Payroll Deposit MARRAND AUTO IN,PAYROLL DEPOSIT MARRAND AUTO IN,,Income,false,1910.25,CAD
7c0951567a556c90,2026-05-15,2026-05,Mastercard ****2688,rbc_pdf,GACHA GAMES LODZ 20 Foreign Currency  - USD   13.41  Exchange rate - 1.408650,GACHA GAMES LODZ,,Mobile Games,false,-18.89,CAD
8728993f122060ad,2026-05-15,2026-05,Mastercard ****2688,rbc_pdf,GACHA GAMES LODZ 20 Foreign Currency  - USD   26.97  Exchange rate - 1.408231,GACHA GAMES LODZ,,Mobile Games,false,-37.98,CAD
b6a3fa05610d1950,2026-05-15,2026-05,Mastercard ****2688,rbc_pdf,LONDON DRUGS 53 VANCOUVER BC,LONDON DRUGS 53 VANCOUVER BC,,Health,false,-22.84,CAD
dee982ecf80faf1c,2026-05-17,2026-05,Mastercard ****2688,rbc_pdf,CITY OF VAN PAYBYPHONE VANCOUVER BC,CITY OF VAN PAYBYPHONE VANCOUVER BC,,Transport,false,-0.80,CAD
aeed199febb127cc,2026-05-17,2026-05,Mastercard ****2688,rbc_pdf,LONDON DRUGS 53 VANCOUVER BC,LONDON DRUGS 53 VANCOUVER BC,,Health,false,-21.34,CAD
ab138b1b1208542a,2026-05-18,2026-05,Mastercard ****2688,rbc_pdf,SQ *COCO FRESH TEA & J VANCOUVER BC,SQ COCO FRESH TEA & J VANCOUVER BC,,Dining & Takeout,false,-31.71,CAD
597f5f4e70819a4c,2026-05-19,2026-05,Chequing ****5037,rbc_pdf,Misc Payment GOODLIFE CLUBS,MISC PAYMENT GOODLIFE CLUBS,,Health,false,-37.79,CAD
b0efad5db555c126,2026-05-19,2026-05,Mastercard ****2688,rbc_pdf,THE CONNECTION GAMES & VANCOUVER BC,THE CONNECTION GAMES & VANCOUVER BC,,Entertainment,false,-134.32,CAD
c21361ade900e67d,2026-05-19,2026-05,Mastercard ****2688,rbc_pdf,WAL-MART #1206 MAPLE RIDGE BC,WAL MART 1206 MAPLE RIDGE BC,,Groceries,false,-16.78,CAD
cd5a1b8fcdcde0af,2026-05-20,2026-05,Chequing ****5037,rbc_pdf,e-Transfer sent Vincent Nguyen 7EP7G4,E TRANSFER SENT VINCENT NGUYEN 7EP7G4,VINCENT NGUYEN,Family/Gifts,false,-236.16,CAD
71c5c0aecd9f4902,2026-05-20,2026-05,Mastercard ****2688,rbc_pdf,LONDON DRUGS 71 BURNABY BC,LONDON DRUGS 71 BURNABY BC,,Health,false,-10.50,CAD
dc81084d35d2d903,2026-05-20,2026-05,Mastercard ****2688,rbc_pdf,THE CONNECTION GAMES & VANCOUVER BC,THE CONNECTION GAMES & VANCOUVER BC,,Entertainment,false,-145.51,CAD
5da9ad568a6971d0,2026-05-20,2026-05,Mastercard ****2688,rbc_pdf,WALMART.CA MISSISSAUGA ON,WALMART CA MISSISSAUGA ON,,Groceries,false,-156.78,CAD
dee1414cadec0576,2026-05-20,2026-05,Mastercard ****2688,rbc_pdf,WALMART.CA MISSISSAUGA ON,WALMART CA MISSISSAUGA ON,,Groceries,false,-106.38,CAD
22b88536727e90b9,2026-05-21,2026-05,Mastercard ****2688,rbc_pdf,LONDON DRUGS 47 MAPLE RIDGE BC,LONDON DRUGS 47 MAPLE RIDGE BC,,Health,false,-6.81,CAD
10542a63fb9feff9,2026-05-21,2026-05,Mastercard ****2688,rbc_pdf,THE CONNECTION GAMES & VANCOUVER BC,THE CONNECTION GAMES & VANCOUVER BC,,Entertainment,false,-67.19,CAD
58fc2bc51f5b3013,2026-05-21,2026-05,Mastercard ****2688,rbc_pdf,WAL-MART #1208 COQUITLAM BC,WAL MART 1208 COQUITLAM BC,,Groceries,false,-212.76,CAD
fe3fdcb9077e8b67,2026-05-21,2026-05,Mastercard ****2688,rbc_pdf,WHOP*POKENOTIFY NEW YORK BC Foreign Currency  - USD   8.39  Exchange rate - 1.411203,WHOP POKENOTIFY NEW YORK BC,,Subscriptions,false,-11.84,CAD
d0a3e34e8cf6f913,2026-05-21,2026-05,Mastercard ****2688,rbc_pdf,WISERS WIDE WORLD OF C LANGLEY BC,WISERS WIDE WORLD OF C LANGLEY BC,,Entertainment,false,-33.55,CAD
d3cace2720d15f66,2026-05-22,2026-05,Mastercard ****2688,rbc_pdf,GACHA GAMES LODZ 20 Foreign Currency  - USD   31.46  Exchange rate - 1.414494,GACHA GAMES LODZ,,Mobile Games,false,-44.50,CAD
4179482f7ff17a11,2026-05-22,2026-05,Mastercard ****2688,rbc_pdf,GACHA GAMES LODZ 20 Foreign Currency  - USD   31.52  Exchange rate - 1.416560,GACHA GAMES LODZ,,Mobile Games,false,-44.65,CAD
6752a6a61f148dae,2026-05-22,2026-05,Mastercard ****2688,rbc_pdf,LONDON DRUGS 53 VANCOUVER BC,LONDON DRUGS 53 VANCOUVER BC,,Health,false,-166.25,CAD
29cb02665add0b0e,2026-05-22,2026-05,Mastercard ****2688,rbc_pdf,PETRO-CANADA 91324 COQUITLAM BC,PETRO CANADA 91324 COQUITLAM BC,,Transport,false,-83.82,CAD
b056fa8fd1275173,2026-05-22,2026-05,Mastercard ****2688,rbc_pdf,WHOP*INBOXLAB NEW YORK BC Foreign Currency  - USD   7.00  Exchange rate - 1.414285,WHOP INBOXLAB NEW YORK BC,,Business,true,-9.90,CAD
3448c8cda5fd1e0b,2026-05-23,2026-05,Mastercard ****2688,rbc_pdf,"SPT*INBOX LAB COACHING VANCOUVER GA Foreign Currency  - USD   1,303.33  Exchange rate - 1.416955",SPT INBOX LAB COACHING VANCOUVER GA,,Business,true,-1846.76,CAD
966f9aa026dded2a,2026-05-24,2026-05,Mastercard ****2688,rbc_pdf,CITY OF VAN PAYBYPHONE VANCOUVER BC,CITY OF VAN PAYBYPHONE VANCOUVER BC,,Transport,false,-0.59,CAD
5fd602133b2b5a20,2026-05-24,2026-05,Mastercard ****2688,rbc_pdf,CITY OF VAN PAYBYPHONE VANCOUVER BC,CITY OF VAN PAYBYPHONE VANCOUVER BC,,Transport,false,-0.59,CAD
f2e5755b80c27920,2026-05-24,2026-05,Mastercard ****2688,rbc_pdf,GODADDY#4096365652 VICTORIA BC,GODADDY 4096365652 VICTORIA BC,,Business,true,-70.14,CAD
34d3f8f5d82b610b,2026-05-25,2026-05,Mastercard ****2688,rbc_pdf,SMARTLEAD-521 PRODUCTS SYDNEY NSW Foreign Currency  - USD   260.00  Exchange rate - 1.416923,SMARTLEAD 521 PRODUCTS SYDNEY NSW,,Business,true,-368.40,CAD
39344a18a1b2f922,2026-05-25,2026-05,Mastercard ****2688,rbc_pdf,SMARTLEAD-521 PRODUCTS SYDNEY NSW Foreign Currency  - USD   270.00  Exchange rate - 1.416962,SMARTLEAD 521 PRODUCTS SYDNEY NSW,,Business,true,-382.58,CAD
5c18838fb1f90ee0,2026-05-25,2026-05,Mastercard ****2688,rbc_pdf,TST-DOVETAIL VANCOUVER BC,TST DOVETAIL VANCOUVER BC,,Dining & Takeout,false,-116.50,CAD
59e87184ce5f9369,2026-05-26,2026-05,Mastercard ****2688,rbc_pdf,CITY OF VAN PAYBYPHONE VANCOUVER BC,CITY OF VAN PAYBYPHONE VANCOUVER BC,,Transport,false,-3.30,CAD
16dc3a2af85f8324,2026-05-27,2026-05,Mastercard ****2688,rbc_pdf,CITY OF VAN PAYBYPHONE VANCOUVER BC,CITY OF VAN PAYBYPHONE VANCOUVER BC,,Transport,false,-3.05,CAD
925e14af17bfe058,2026-05-27,2026-05,Mastercard ****2688,rbc_pdf,LONDON DRUGS 88 VANCOUVER BC,LONDON DRUGS 88 VANCOUVER BC,,Health,false,-42.52,CAD
d770205ec803f279,2026-05-27,2026-05,Mastercard ****2688,rbc_pdf,SMARTLEAD-521 PRODUCTS SYDNEY NSW Foreign Currency  - USD   94.00  Exchange rate - 1.416914,SMARTLEAD 521 PRODUCTS SYDNEY NSW,,Business,true,-133.19,CAD
39ed580d1074e65b,2026-05-27,2026-05,Mastercard ****2688,rbc_pdf,UNIVERSITY OF BRITISH VANCOUVER BC,UNIVERSITY OF BRITISH VANCOUVER BC,,Shopping,false,-11.22,CAD
0c1e2ebec4206ecb,2026-05-28,2026-05,Mastercard ****2688,rbc_pdf,SP ZEPHYR EPIC SURREY BC,SP ZEPHYR EPIC SURREY BC,,Shopping,false,-55.97,CAD
7322dc29f83c8161,2026-05-28,2026-05,Mastercard ****2688,rbc_pdf,SP ZEPHYR EPIC SURREY BC,SP ZEPHYR EPIC SURREY BC,,Shopping,false,-44.78,CAD
9e394510af4932d8,2026-05-29,2026-05,Chequing ****5037,rbc_pdf,Payroll Deposit MARRAND AUTO IN,PAYROLL DEPOSIT MARRAND AUTO IN,,Income,false,1713.54,CAD
528648d0ddc80768,2026-05-30,2026-05,Mastercard ****2688,rbc_pdf,BIG WAY HOT POT ACKROY RICHMOND BC,BIG WAY HOT POT ACKROY RICHMOND BC,,Dining & Takeout,false,-32.73,CAD
cb51466c0344d462,2026-05-30,2026-05,Mastercard ****2688,rbc_pdf,SAVAGE CREEK GOLF COUR RICHMOND BC,SAVAGE CREEK GOLF COUR RICHMOND BC,,Entertainment,false,-10.50,CAD
7368c06318ead16b,2026-05-31,2026-05,Mastercard ****2688,rbc_pdf,DYSFUNCTIONAL PASS LLC DAVENPORT FL Foreign Currency  - USD   78.00  Exchange rate - 1.417692,DYSFUNCTIONAL PASS LLC DAVENPORT FL,,Entertainment,false,-110.58,CAD
12203f3fc85542f8,2026-06-01,2026-06,Chequing ****5037,rbc_pdf,Misc Payment GOODLIFE CLUBS,MISC PAYMENT GOODLIFE CLUBS,,Health,false,-37.79,CAD
093ac87c65671031,2026-06-01,2026-06,Mastercard ****2688,rbc_pdf,CARRD FRANKLIN TN Foreign Currency  - USD   19.00  Exchange rate - 1.419473,CARRD FRANKLIN TN,,Business,true,-26.97,CAD
d1b6d684420650cf,2026-06-01,2026-06,Mastercard ****2688,rbc_pdf,ICY BAR KNIGHT VANCOUVER BC,ICY BAR KNIGHT VANCOUVER BC,,Dining & Takeout,false,-20.90,CAD
0413084479bfc858,2026-06-01,2026-06,Mastercard ****2688,rbc_pdf,LIV.RENT VANCOUVER BC,LIV RENT VANCOUVER BC,,Housing,false,-26.24,CAD
858313fdb781ece6,2026-06-01,2026-06,Mastercard ****2688,rbc_pdf,THE HOME DEPOT #7045 COQUITLAM BC,THE HOME DEPOT 7045 COQUITLAM BC,,Shopping,false,-72.78,CAD
8d840c86fede12bd,2026-06-01,2026-06,Mastercard ****2688,rbc_pdf,TOMMY GUNS (STATION SQ BURNABY BC,TOMMY GUNS STATION SQ BURNABY BC,,Health,false,-45.85,CAD
ff4120b370c51b83,2026-06-01,2026-06,Mastercard ****2688,rbc_pdf,WAL-MART #3008 BURNABY BC,WAL MART 3008 BURNABY BC,,Groceries,false,-13.97,CAD
484338a6e54f3dff,2026-06-02,2026-06,Chequing ****5037,rbc_pdf,Online Banking payment - 5559 VISA TD BANK,ONLINE BANKING PAYMENT 5559 VISA TD BANK,,Debt Payments,false,-111.60,CAD
be6fcd59c7d55c33,2026-06-03,2026-06,Mastercard ****2688,rbc_pdf,HANGTAG PARKING VANCOUVER BC,HANGTAG PARKING VANCOUVER BC,,Transport,false,-5.99,CAD
76daaa795fc9cb1c,2026-06-04,2026-06,Mastercard ****2688,rbc_pdf,AMAZON.CA*EP46Y4043 TORONTO ON,AMAZON CA EP46Y4043 TORONTO ON,,Shopping,false,-55.82,CAD
3fc9c764bab6fbe1,2026-06-04,2026-06,Mastercard ****2688,rbc_pdf,THE CONNECTION GAMES & VANCOUVER BC,THE CONNECTION GAMES & VANCOUVER BC,,Entertainment,false,-78.40,CAD
9b4082e71045319c,2026-06-04,2026-06,Mastercard ****2688,rbc_pdf,THE HOME DEPOT #7045 COQUITLAM BC,THE HOME DEPOT 7045 COQUITLAM BC,,Shopping,false,-11.18,CAD
314b2e8311ad6cfc,2026-06-05,2026-06,Chequing ****5037,rbc_pdf,CANADA ESSENTIALS BENEFIT CANADA,CANADA ESSENTIALS BENEFIT CANADA,,Income,false,266.50,CAD
2d2965803dc379f4,2026-06-05,2026-06,Mastercard ****2688,rbc_pdf,IN OUT PARCEL POINT ROBERTSWA Foreign Currency  - USD   8.50  Exchange rate - 1.427058,IN OUT PARCEL POINT ROBERTSWA,,Shopping,false,-12.13,CAD
a72ced11b3280919,2026-06-05,2026-06,Mastercard ****2688,rbc_pdf,REAL CDN SUPERSTORE #1 VANCOUVER BC,REAL CDN SUPERSTORE 1 VANCOUVER BC,,Groceries,false,-108.64,CAD
0d0d1bf1597e2132,2026-06-05,2026-06,Mastercard ****2688,rbc_pdf,REAL CDN SUPERSTORE #1 VANCOUVER BC,REAL CDN SUPERSTORE 1 VANCOUVER BC,,Groceries,false,-11.02,CAD
ec72bc4922c790de,2026-06-05,2026-06,Mastercard ****2688,rbc_pdf,SPOTIFY P4335229D5 STOCKHOLM SWE,SPOTIFY P4335229D5 STOCKHOLM SWE,,Subscriptions,false,-20.04,CAD
2c6b9c0951ebae2c,2026-06-05,2026-06,Mastercard ****2688,rbc_pdf,UBER CANADA/UBEREATS TORONTO ON,UBER CANADA UBEREATS TORONTO ON,,Dining & Takeout,false,-24.90,CAD
4c7a0c46c8cfb6a8,2026-06-07,2026-06,Mastercard ****2688,rbc_pdf,APPLE.COM/BILL TORONTO ON,APPLE COM BILL TORONTO ON,,Subscriptions,false,-12.31,CAD
0f78bfa6a92ac26f,2026-06-07,2026-06,Mastercard ****2688,rbc_pdf,CITY OF VAN PAYBYPHONE VANCOUVER BC,CITY OF VAN PAYBYPHONE VANCOUVER BC,,Transport,false,-4.30,CAD
d31a9b361e10a4a7,2026-06-08,2026-06,Chequing ****5037,rbc_pdf,e-Transfer sent Jess Kwon KWS57E,E TRANSFER SENT JESS KWON KWS57E,JESS KWON,Family/Gifts,false,-68.45,CAD
34f31c5f1f175943,2026-06-10,2026-06,Mastercard ****2688,rbc_pdf,ANTHROPIC* CLAUDE SUB SAN FRANCISCOCA,ANTHROPIC CLAUDE SUB SAN FRANCISCOCA,,Business,true,-31.36,CAD
8bc11c5474afc548,2026-06-12,2026-06,Mastercard ****2688,rbc_pdf,CALENDLY BUFORD GA Foreign Currency  - USD   13.44  Exchange rate - 1.437500,CALENDLY BUFORD GA,,Business,true,-19.32,CAD
4dc663313ea861e5,2026-06-14,2026-06,Mastercard ****2688,rbc_pdf,PAYBYPHONE BURNABY VANCOUVER BC,PAYBYPHONE BURNABY VANCOUVER BC,,Transport,false,-7.50,CAD
3a25b971790f46f1,2026-06-15,2026-06,Chequing ****5037,rbc_pdf,Misc Payment GOODLIFE CLUBS,MISC PAYMENT GOODLIFE CLUBS,,Health,false,-37.79,CAD
d61e32e4e7598455,2026-06-15,2026-06,Chequing ****5037,rbc_pdf,Payroll Deposit MARRAND AUTO IN,PAYROLL DEPOSIT MARRAND AUTO IN,,Income,false,2004.53,CAD
f02a35788e666286,2026-06-15,2026-06,Mastercard ****2688,rbc_pdf,ANTHROPIC* CLAUDE SUB SAN FRANCISCOCA,ANTHROPIC CLAUDE SUB SAN FRANCISCOCA,,Business,true,-131.60,CAD
fda21dc1d02a5296,2026-06-15,2026-06,Mastercard ****2688,rbc_pdf,OBSIDIAN OAKVILLE ON Foreign Currency  - USD   5.25  Exchange rate - 1.436190,OBSIDIAN OAKVILLE ON,,Subscriptions,false,-7.54,CAD
dcf2a78a0d66e6ad,2026-06-15,2026-06,Mastercard ****2688,rbc_pdf,UBER CANADA/UBEREATS TORONTO ON,UBER CANADA UBEREATS TORONTO ON,,Dining & Takeout,false,-21.14,CAD
28aa61f2ed0cecf7,2026-06-16,2026-06,Mastercard ****2688,rbc_pdf,ANTHROPIC SAN FRANCISCOCA Foreign Currency  - USD   5.60  Exchange rate - 1.433928,ANTHROPIC SAN FRANCISCOCA,,Business,true,-8.03,CAD
a1408fb20c44b703,2026-06-16,2026-06,Mastercard ****2688,rbc_pdf,CACTUS CLUB BENTALL VANCOUVER BC,CACTUS CLUB BENTALL VANCOUVER BC,,Dining & Takeout,false,-83.27,CAD
a251a53d58208658,2026-06-16,2026-06,Mastercard ****2688,rbc_pdf,CHV43079 2 & WESTMINST RICHMOND BC,CHV43079 2 & WESTMINST RICHMOND BC,,Transport,false,-76.99,CAD
4b7f1bf7f6cc8124,2026-06-16,2026-06,Mastercard ****2688,rbc_pdf,UBER CANADA/UBEREATS TORONTO ON,UBER CANADA UBEREATS TORONTO ON,,Dining & Takeout,false,-26.05,CAD
c606f6d12b4c485a,2026-06-16,2026-06,Mastercard ****2688,rbc_pdf,ZIPBY MISSISSAUGA ON,ZIPBY MISSISSAUGA ON,,Transport,false,-5.40,CAD
99bb78895e4a52d9,2026-06-17,2026-06,Mastercard ****2688,rbc_pdf,ZIPBY MISSISSAUGA ON,ZIPBY MISSISSAUGA ON,,Transport,false,-5.40,CAD
ef7adc19fb3752bf,2026-06-18,2026-06,Chequing ****5037,rbc_pdf,Monthly fee,MONTHLY FEE,,Bank Fees,false,-4.00,CAD
e0336c0fef63ce2a,2026-06-18,2026-06,Mastercard ****2688,rbc_pdf,DR. G. S. RAI OPTOMETR BURNABY BC,DR G S RAI OPTOMETR BURNABY BC,,Health,false,-135.00,CAD
c47524fb3520ebbd,2026-06-18,2026-06,Mastercard ****2688,rbc_pdf,FAMOUS PLAYER 1408QPS BURNABY BC,FAMOUS PLAYER 1408QPS BURNABY BC,,Entertainment,false,-33.08,CAD
74c8d09e6e751a17,2026-06-18,2026-06,Mastercard ****2688,rbc_pdf,HORIN RAMEN METROTOWN BURNABY BC,HORIN RAMEN METROTOWN BURNABY BC,,Dining & Takeout,false,-45.53,CAD
77c272607f7fddf4,2026-06-18,2026-06,Mastercard ****2688,rbc_pdf,METROTOWN EYEWEAR BURNABY BC,METROTOWN EYEWEAR BURNABY BC,,Health,false,-361.00,CAD
da2e886183d5394b,2026-06-18,2026-06,Mastercard ****2688,rbc_pdf,POPEYE'S SUPPLEMENTS B BURNABY BC,POPEYE'S SUPPLEMENTS B BURNABY BC,,Health,false,-92.49,CAD
9c3b5c717a812bb9,2026-06-18,2026-06,Mastercard ****2688,rbc_pdf,SG*THEBESTPDF.COM DOVER NV Foreign Currency  - USD   0.95  Exchange rate - 1.431578,SG THEBESTPDF COM DOVER NV,,Subscriptions,false,-1.36,CAD
d6bb645d8423fbb8,2026-06-19,2026-06,Mastercard ****2688,rbc_pdf,ANTHROPIC SAN FRANCISCOCA Foreign Currency  - USD   22.40  Exchange rate - 1.450446,ANTHROPIC SAN FRANCISCOCA,,Business,true,-32.49,CAD
f9fcd30b41ce4538,2026-06-19,2026-06,Mastercard ****2688,rbc_pdf,CHARADES COLLECTIVE BALWYN VIC,CHARADES COLLECTIVE BALWYN VIC,,Shopping,false,-20.58,CAD
b9089b42e8060751,2026-06-19,2026-06,Mastercard ****2688,rbc_pdf,PETRO-CANADA 92523 VANCOUVER BC,PETRO CANADA 92523 VANCOUVER BC,,Transport,false,-8.78,CAD
db4c55a842a22865,2026-06-20,2026-06,Mastercard ****2688,rbc_pdf,SG*THEBESTPDF.COM DOVER NV Foreign Currency  - USD   0.95  Exchange rate - 1.431578,SG THEBESTPDF COM DOVER NV,,Subscriptions,false,-1.36,CAD
a03930313d976bc5,2026-06-20,2026-06,Mastercard ****2688,rbc_pdf,WHOP*POKENOTIFY VANCOUVER BC Foreign Currency  - USD   8.39  Exchange rate - 1.452920,WHOP POKENOTIFY VANCOUVER BC,,Subscriptions,false,-12.19,CAD
